id,first_name,last_name,birthday,email
1,Shanelle,Conroy,1993-05-29,nettie_parker@predovic.com
2,Orval,Block,1991-07-21,quinton@robellangworth.info
3,Casimer,Bernier,1986-08-09,rosalee@howedeckow.org
4,Braeden,Gorczany,1995-01-05,wilfred.orn@funk.org
5,Nelda,Gislason,1997-10-24,winifred_harris@cain.net
6,Jada,Mann,1994-11-12,kelsi@robel.info
7,Elsa,Bradtke,1997-10-11,ron@franeckischaden.org
8,Prudence,Abshire,1994-04-04,anika@zieme.name
9,Izaiah,Jacobi,1999-02-13,sister@nader.biz
10,Eliseo,Mertz,1993-01-28,macey.lowe@gutmann.com
11,Reva,Roob,1996-10-24,izaiah@mcglynn.com
12,Mervin,Bednar,1986-01-23,eloy_bayer@satterfieldritchie.info
13,Elaina,Aufderhar,1996-04-29,ruthie.kreiger@macgyverroob.biz
14,Adan,Greenfelder,1988-10-20,eden.johns@windlerspinka.org
15,Gaylord,Greenfelder,1993-01-18,kaden@homenick.biz
16,Halle,Cronin,1989-07-27,gabe.walker@fadelsmith.org
17,Leonie,Rippin,1995-01-16,otto@treutelkirlin.info
18,Aurelio,Hudson,1997-10-05,connie.cormier@haagkirlin.name
19,Abner,Raynor,1985-02-19,hazel@nitzsche.name
20,Imani,Kautzer,1998-01-26,rory@langmoriette.name
21,Cecile,Spinka,1990-04-20,carmela_johnston@howe.name
22,Fern,Stroman,1992-09-19,callie.mante@kilbackstracke.name
23,Reynold,Lubowitz,1998-10-13,pauline@yundt.net
24,Mallory,Block,1989-03-29,kailyn@lesch.net
25,Giovani,Mosciski,1993-12-20,garry_pfannerstill@barton.biz
26,Name,Witting,1984-11-03,otho@roberts.org
27,Mortimer,Green,1995-06-16,beryl@larkinhowell.info
28,Rico,Raynor,1998-07-09,taurean@kuhic.net
29,Eldridge,Rice,1984-09-28,davin@littlenikolaus.biz
30,Emil,Thompson,1993-01-26,elmore@bergstrom.biz
31,Isabel,Padberg,1996-10-02,caesar.gerhold@friesen.name
32,Laurel,Hauck,1997-02-07,lois_erdman@rolfsonschulist.org
33,Gardner,Franecki,1991-10-27,casey@hermann.info
34,Reva,Schultz,1985-08-08,elouise@boyle.net
35,Alicia,Cruickshank,1992-09-29,lucile@davis.org
36,Lane,Klocko,1988-03-16,jannie@altenwerth.biz
37,Mikel,Treutel,1994-10-31,christiana.cummerata@oberbrunner.info
38,Kieran,Dach,1985-02-05,herman.hills@treutelkeeling.net
39,Lisa,Parisian,1992-11-21,paul_jakubowski@armstrong.org
40,Keith,Parker,1996-10-19,malika.kemmer@schumm.com
41,Aniya,Langworth,1998-07-16,garnet@hane.name
42,Braeden,Cartwright,1984-12-07,sheridan.blick@strosin.biz
43,Jessyca,Ullrich,1988-05-05,keanu_fisher@naderpaucek.biz
44,Cullen,Mosciski,1984-10-18,sid@wilderman.biz
45,Amelia,Turner,1985-07-03,alf@hodkiewicz.com
46,Fannie,Romaguera,1986-09-02,albina@prosacco.com
47,Elza,Tillman,1996-10-31,emanuel@crona.net
48,Lance,Lebsack,1998-05-07,nikita_kutch@torp.info
49,Era,Erdman,1989-06-09,brock@feeney.org
50,Aubrey,Altenwerth,1987-01-28,loyce@kuphal.biz
51,Sabina,O'Reilly,1984-12-20,jamie@brekke.net
52,John,Sawayn,1984-03-11,keshawn@ortizhaag.org
53,Allan,Heller,1985-06-16,daisha.heller@bergstrom.info
54,Adah,Mraz,1987-08-01,ole@rippin.com
55,Alek,Frami,1991-11-30,arvel@fritsch.org
56,Flo,Ankunding,1992-11-25,osbaldo@kunde.info
57,Julian,Shields,1984-12-27,xavier@rutherford.biz
58,Noah,Buckridge,1992-11-19,catharine@rogahnkuphal.name
59,Shyann,Johns,1999-02-19,garry@schiller.info
60,Janie,Prohaska,1990-04-27,lavon@waters.biz
61,Abigale,Romaguera,1987-08-30,tia.pollich@hilllruecker.biz
62,Kory,Reynolds,1995-09-30,emilie@hillsnikolaus.net
63,Glenda,Grady,1989-06-14,gaston@dibbert.org
64,Elliott,Trantow,1987-11-17,terrell@beahanblick.name
65,Fredy,Schulist,1991-04-14,zechariah.predovic@doyle.info
66,Everardo,Runte,1986-06-15,sylvan_buckridge@wiza.biz
67,Mina,Oberbrunner,1993-07-29,gardner_tremblay@murazik.org
68,Estevan,Sporer,1993-03-22,alfreda.mcclure@hansen.info
69,Josianne,Mertz,1993-12-17,rosanna.dietrich@hilpert.com
70,Patrick,Blanda,1991-08-29,abagail@parisian.biz
71,Llewellyn,Murazik,1994-02-16,rosario_hayes@glover.biz
72,Holly,Towne,1996-01-07,brady.rosenbaum@rath.biz
73,Connor,Kemmer,1992-04-20,friedrich_swaniawski@bahringer.com
74,Louie,Gusikowski,1987-06-16,laney.osinski@ryandeckow.net
75,Scotty,Wintheiser,1986-01-21,molly_franecki@littelfeeney.biz
76,Jesus,Kuphal,1995-08-22,liam.goldner@stromanconnelly.name
77,Jacklyn,Olson,1996-09-15,wava_swift@ward.info
78,Casandra,Runte,1997-09-07,dallin@stanton.biz
79,Carmelo,Boehm,1996-08-29,amie@hansen.name
80,Lew,Smith,1985-10-22,gregorio_schaden@botsfordcummerata.name
81,Ari,Dare,1984-05-16,aron.howe@medhurstblanda.info
82,Valentin,Ankunding,1994-02-19,deondre@medhurst.info
83,Amy,McGlynn,1986-05-28,keely@harber.com
84,Keanu,Labadie,1984-09-23,hosea_morar@flatley.net
85,Abe,Kassulke,1994-07-13,quentin@beer.com
86,Alexander,Williamson,1996-12-17,bethany@howe.info
87,Alisa,Hauck,1991-12-21,grayson_littel@lockman.name
88,Clark,Hettinger,1991-06-17,orval.bauch@abshire.com
89,Amiya,Ernser,1998-05-20,merritt.schimmel@stokes.com
90,Elinore,Lebsack,1990-06-25,tyrese.kautzer@hodkiewicz.org
91,Elody,Davis,1990-06-16,gino.larkin@reingerschmeler.info
92,Oleta,Trantow,1989-11-23,conrad@spinka.info
93,Frank,Hirthe,1998-08-23,libby@schowaltermcglynn.info
94,Carole,Wilderman,1996-05-11,helen.treutel@simonis.net
95,Dashawn,Gorczany,1993-10-09,elliott@lindgren.net
96,Katlyn,Tremblay,1993-09-12,erica@howell.biz
97,Libbie,O'Hara,1989-07-23,donny@heaney.org
98,Victor,Weber,1988-07-20,elyse.durgan@glover.name
99,Scot,Schmidt,1984-09-16,aracely_pollich@dubuquekuhlman.org
100,Art,Legros,1997-04-20,felicity@hamillheller.net
